Product name,Plan name,Purchase date
Emailit,License Tier 3,20-Mar-26
Data retention,Data retention,20-Mar-26
AppSumo Plus Yearly Plan,Code-based,20-Mar-26
VoiceDash,License Tier 2,18-Mar-26
Semdash,License Tier 2,22-May-25
Google Maps Scraper,Code-based,22-May-25
NeuronWriter,Code-based,24-Mar-25
NeuronWriter,Code-based,7-Mar-25
NeuronWriter,Code-based,7-Mar-25
NeuronWriter,Code-based,7-Mar-25
Cromojo formerly URL Monitor,License Tier 2,24-Jul-24
iTubeGo for Windows,Code-based,28-May-24
DivMagic,Code-based,13-Feb-24
Editor.do,Code-based,16-Jan-24
Editor.do,Code-based,16-Jan-24
Sessions,License Tier 1,20-Nov-23
Launch Cart,License Tier 2,9-Nov-23
SitePoint Premium,Code-based,9-Nov-23
ScreenToVideo,Code-based,9-Nov-23
Ticket Tailor,Code-based,30-Nov-22
Frontly - No-Code Startup App Builder,Code-based,31-Oct-22
Frontly - No-Code Startup App Builder,Code-based,31-Oct-22
Frontly - No-Code Startup App Builder,Code-based,31-Oct-22
FeedBear,Code-based,31-Oct-22
FeedBear,Code-based,31-Oct-22
Google Maps Widget,Code-based,21-Oct-22
SaaS Pricing Strategy by ProfitWell,Digital Download,21-Oct-22
Frontly - No-Code Startup App Builder,Code-based,21-Oct-22
How To Sell Your Business - Online Exits by Reggie Young,Code-based,21-Oct-22
Formly - Forms & Surveys (Typeform/Jotform alternative),Code-based,21-Oct-22
Bit Integrations,Code-based,21-Oct-22
Bit Integrations,Code-based,21-Oct-22
Million Dollar Email Templates 2.0,Million Dollar Email Templates 2.0,21-Oct-22
Hoverify,Code-based,31-Jul-22
Hoverify,Code-based,31-Jul-22
Nifty,Code-based,12-Jul-22
Nifty,Code-based,12-Jul-22
Nifty,Code-based,12-Jul-22
Nifty,Code-based,12-Jul-22
Nifty,Code-based,10-Jul-22
Nifty,Code-based,10-Jul-22
WP Adminify,Code-based,27-Jun-22
WP Adminify,Code-based,27-Jun-22
Postly - Social Media Manager and Content Scheduler,Code-based,27-Jun-22
DocPro - Plus exclusive,Code-based,24-Feb-22
XEmailVerify,License Tier 1,24-Feb-22
Easynote,License Tier 1,7-Jan-22
Anywhere,Code-based,7-Jan-22
Anywhere,Code-based,7-Jan-22
Anywhere,Code-based,7-Jan-22
WPFunnels,License Tier 3,6-Jan-22
WordHero - AI Content Writer,Code-based,6-Dec-21
Lumen5,Code-based,2-Dec-21
Depositphotos,Code-based,25-Nov-21
Depositphotos,Code-based,25-Nov-21
Better Uptime,Code-based,25-Nov-21
Better Uptime,Code-based,25-Nov-21
BerryCast,Code-based,25-Nov-21
LiveWebinar,Code-based,27-Oct-21
LiveWebinar,Code-based,27-Oct-21
LiveWebinar,Code-based,27-Oct-21
LiveWebinar,Code-based,27-Oct-21
LiveWebinar,Code-based,27-Oct-21
Plutio,Code-based,13-Aug-21
Plutio,Code-based,13-Aug-21
Plutio,Code-based,13-Aug-21
Plutio,Code-based,13-Aug-21
Plutio,Code-based,13-Aug-21
Plutio,Code-based,13-Aug-21
Plutio,Code-based,13-Aug-21
Plutio,Code-based,13-Aug-21
Plutio,Code-based,13-Aug-21
Plutio,Code-based,13-Aug-21
Rytr,Code-based,11-Aug-21
Plutio,Code-based,10-Aug-21
Plutio,Code-based,10-Aug-21
Plutio,Code-based,10-Aug-21
Plutio,Code-based,10-Aug-21
Plutio,Code-based,10-Aug-21
EWWW Image Optimizer,License Tier 3,1-Jul-21
JivoChat,Code-based,22-Jun-21
JivoChat,Code-based,22-Jun-21
JivoChat,Code-based,22-Jun-21
Be.Live,Code-based,26-May-21
Be.Live,Code-based,26-May-21
Be.Live,Code-based,26-May-21
Depositphotos,Code-based,24-May-21
Squirrly SEO,Code-based,24-May-21
Squirrly SEO,Code-based,24-May-21
Squirrly SEO,Code-based,24-May-21
Keyword Hero,Code-based,24-May-21
Stackable,Code-based,18-May-21
Stackable,Code-based,18-May-21
Stackable,Code-based,18-May-21
Stackable,Code-based,18-May-21
Depositphotos,Code-based,17-May-21
Depositphotos,Code-based,17-May-21
Moovly,License Tier 2,17-May-21
Getscreen.me,Code-based,17-May-21
Getscreen.me,Code-based,17-May-21
Getscreen.me,Code-based,17-May-21
Internxt,License Tier 5,4-May-21
AMZ Image,Code-based,3-May-21
KingSumo - Plus exclusive,KingSumo Pro - Plus Exclusive,1-May-21
Blogely,Code-based,26-Apr-21
Blogely,Code-based,24-Apr-21
Blogely,Code-based,24-Apr-21
TeachableU,Code-based,23-Apr-21
WebTotem,License Tier 3,20-Apr-21
Encharge,License Tier 5,20-Apr-21
AppSumo's Mint Marketing Plan,Code-based,20-Apr-21
Waybook,Code-based,16-Apr-21
Waybook,Code-based,16-Apr-21
Waybook,Code-based,16-Apr-21
Waybook,Code-based,16-Apr-21
Waybook,Code-based,16-Apr-21
SendFox - Plus exclusive,SendFox Tier 1 - Plus Exclusive,16-Apr-21
AppSumo's Freelancing and Consulting as a Side Hustle,Digital Download,16-Apr-21
SuiteDash,Code-based,16-Apr-21
SuiteDash,Code-based,16-Apr-21
SuiteDash,Code-based,16-Apr-21
SuiteDash,Code-based,16-Apr-21
Listnr,Code-based,16-Apr-21
How to Launch a Book Course,Code-based,16-Apr-21
Infinite Income,Digital Download,16-Apr-21
AppSumo's 75 No-Code Business Ideas,Digital Download,16-Apr-21
Studiocart,Code-based,16-Apr-21
Studiocart,Code-based,16-Apr-21
Studiocart,Code-based,16-Apr-21
SendFox,License Tier 3,16-Apr-21
Brizy Design Kit,Code-based,16-Apr-21
SuiteDash,Code-based,12-Apr-21
SuiteDash,Code-based,12-Apr-21
AppSumo Plus Yearly Plan,Code-based,12-Apr-21
WP Courseware,License Tier 3,9-Apr-21
TidyCal,License Tier 1,9-Apr-21
TidyCal,License Tier 1,9-Apr-21
TidyCal,License Tier 1,9-Apr-21
Waybook,Code-based,9-Apr-21
Waybook,Code-based,9-Apr-21
Waybook,Code-based,9-Apr-21
SyncSpider,Code-based,9-Apr-21
SyncSpider,Code-based,9-Apr-21
SyncSpider,Code-based,9-Apr-21
SyncSpider,Code-based,9-Apr-21
SyncSpider,Code-based,9-Apr-21
Signaturely,Code-based,26-Mar-21
Signaturely,Code-based,26-Feb-21
Signaturely,Code-based,26-Feb-21
Signaturely,Code-based,26-Feb-21
Kali Forms,Code-based,7-Jan-21
Crello,Code-based,3-Jan-21
Yay Images Startups,Code-based,16-Dec-20
Burner Mail Premium,Code-based,16-Dec-20
Elite Licenser,Code-based,16-Dec-20
HappyForms,Code-based,16-Dec-20
HappyForms,Code-based,16-Dec-20
HappyForms,Code-based,16-Dec-20
ShortPixel,Code-based,25-Nov-20
ShortPixel,Code-based,25-Nov-20
ShortPixel,Code-based,25-Nov-20
ShortPixel,Code-based,25-Nov-20
ShortPixel,Code-based,25-Nov-20
ReMasterMedia,Code-based,25-Nov-20
ReMasterMedia,Code-based,25-Nov-20
SmartTask,Code-based,25-Nov-20
SmartTask,Code-based,25-Nov-20
SmartTask,Code-based,25-Nov-20
SmartTask,Code-based,25-Nov-20
SmartTask,Code-based,25-Nov-20
SmartTask,Code-based,25-Nov-20
SmartTask,Code-based,25-Nov-20
Happy Scribe,Code-based,23-Nov-20
Happy Scribe,Code-based,23-Nov-20
Happy Scribe,Code-based,23-Nov-20
Happy Scribe,Code-based,23-Nov-20
Happy Scribe,Code-based,23-Nov-20
Happy Scribe,Code-based,23-Nov-20
MailPoet,Code-based,23-Nov-20
MailPoet,Code-based,23-Nov-20
WP Reset,Code-based,23-Nov-20
WP Reset,Code-based,23-Nov-20
SmartTask,Code-based,16-Nov-20
SmartTask,Code-based,16-Nov-20
SmartTask,Code-based,16-Nov-20
SmartTask,Code-based,16-Nov-20
SmartTask,Code-based,16-Nov-20
SmartTask,Code-based,16-Nov-20
SmartTask,Code-based,16-Nov-20
SmartTask,Code-based,16-Nov-20
SmartTask,Code-based,16-Nov-20
SmartTask,Code-based,16-Nov-20
SmartTask,Code-based,16-Nov-20
SmartTask,Code-based,16-Nov-20
SmartTask,Code-based,16-Nov-20
WP 301 Redirects,WP 301 Redirects License,6-Nov-20
AppSumo's Google Sheets Template Pack,Code-based,27-Oct-20
Pixlr,Code-based,26-Oct-20
"Breakout Blueprint: How to Find Your Passion, Take Action, and Build a Lifestyle Business eBook",Digital Download,19-Oct-20
Coming Soon & Maintenance Mode,License Tier 3,17-Aug-20
WP Reset,Code-based,19-May-20
WP Reset,Code-based,19-May-20
WP Reset,Code-based,19-May-20
WP Reset,Code-based,19-May-20
WP Reset,Code-based,19-May-20
