,,,"* Note, I am still updating my list, just PM me if you have a question on price or make me an offer!  * Note all prices have fees included, will accept PayPal, Wise, Stripe etc - If I have your email I can send you an invoice as well.",,,
Status,Software Title,Price,Software Description,Account,Link,Misc
Sold,Amzimage,60.00,This WP Plugin lets you add images the way Amazon wants you to – using their API.,Appsumo 1 Code,https://www.amzimage.com/,https://create.vista.com/share/67c667131d1205347011ce77
Available,Anywhereapp,165.00,Dead simple project and task management software.,Appsumo 3 Codes,Pricing (anywhereapp.io),https://i.imgur.com/JuqvYfu.jpeg
Available,BerryCast,245.00,Your video communication tool for work - Similar to Loom,Appsumo 1 Code,https://www.berrycast.com/pricing,
Sold,Better UpTime Stack,115.00,Get notified with a radically better infrastructure monitoring platform.,Appsumo 2 Codes,https://betterstack.com/,
Sold,Bit Social + Integrations ,265.00,Connect WordPress Plugins and external applications seamlessly to save time and simplify automations,Appsumo 2 Codes,Bit Integrations: ,https://create.vista.com/share/67cb334bb543dac002d80187
Sold,Blocksy Theme,345.00,A versatile WordPress theme known for its flexibility and customization options,Agency LTD Plan,Pricing - Buy Blocksy Pro (creativethemes.com),
Sold,Bricks Builder,450.00,"An innovative, visual site builder for WordPress.",Ultimate LTD Plan,https://bricksbuilder.io/,
Available,Blogely,95.00,A comprehensive content creation and management platform that may help in planning - Professional LTD,Appsumo 3 Codes,https://blogely.com/plans/,
Sold,Brizy Webuilder,425.00,WP Website builder that simplifies the creation of websites with a drag-and-drop interface.  w/ Cloud Brizy Free Plan,LTD Brizy Web Builder,https://i.imgur.com/zghAuzF.png,
Available,Css Hero,395.00,A powerful plugin to easily customize the look of your WordPress site with an intuitive point-and-click interface /animator,CSS Hero LTD w/ animator,https://i.imgur.com/XcjopWP.png,
Available,Wp Courses,165.00,WP Courses is the easiest to use course builder,1 App sumo code,https://wpcoursesplugin.com/pricing/,
Sold,Dynamic.ooo,193.00,Enhances your WordPress website with dynamic content capabilities,LTD Elementor,Dynamic.ooo - Dynamic Plugins,
Available,Easynote,75.00,Project management tool designed to help teams organize work and manage projects and tasks efficiently.,Appsumo 1 Code,Pricing of Easynote,
Available,Editor.do,78.00,The all-in-one online IDE and host to create,Appsumo 2 Codes,https://editor.do/#pricing,
Available,Elite Licenser,145.00,A software license manager for product licensing and software updates,Agency-Life Time,https://i.imgur.com/bvgHQYQ.png,
Sold,Encharge Email,Not for sale,"Nurture, convert, and onboard customers with advanced behavior emails  (*Email not changeable)",License Tier 5,https://i.imgur.com/vOJAP5H.png,
Sold,Ewww Image Optimizer,192.00,A tool that helps in optimizing images to improve website speed and performance by reducing the size of images without losing quality.,License Tier 3,https://ewww.io/plans/,
Available,Feed Bear,195.00,"Collect & prioritize customer feedback, the easy way. ",Appsumo 2 Codes,https://i.imgur.com/svi6zVv.png,
Available,Getformly,75.00,Formly - Forms & Surveys (Typeform/Jotform alternative),Appsumo 1 Code,Pricing | Formly (getformly.com),
Available,Getgenie,145.00,Write Wordpress Content etc - Adored by Google to Boost Organic Traffic,GetGenie Lifetime - Tier 1,https://i.imgur.com/y3qpYiE.png,
Sold,Getwpfunnels,116.00,A tool for creating and managing marketing funnels within a WordPress environment.,License Tier 3,https://i.imgur.com/sFQNCUo.png,
Sold,Internxt,240.00,All Internxt plans are fully featured with complete access to all of our privacy services.,5TB Plan,Internxt Pricing – Get Up To 10GB Free!,
Available,Happy Forms,175.00,A user-friendly WordPress form builder designed to create contact forms,Appsumo 3 Codes,https://happyforms.io/upgrade/,
Available,Happyscribe,475.00,Provides automatic transcription and subtitling services that convert audio and video to text efficiently. (12 hours per month for life),Appsumo 6 Codes,https://www.happyscribe.com/pricing,
Available,Imagely,245.00,Photography - A WordPress plugin known for its photography management capabilities https://i.imgur.com/uFc4G5K.png,LTD Unlimited Sites,https://www.imagely.com/pricing/,
Sold,Kadencewp,600.00,A WordPress theme and plugin company known for lightweight,LTD Unlimited Sites,https://i.imgur.com/0bIXypL.png,
Available,Kaliforms,135.00,A drag-and-drop form builder for WordPress that makes it easy to create various forms like contact forms - Agency Plan,Appsumo 1 Code,https://i.imgur.com/tNyWDLR.png,
Available,Launch Cart,185.00,"Launch Cart is a user-friendly ecommerce platform that lets you build, manage, and scale your ecommerce store to make more sales.",License Tier 2,https://appsumo.com/products/launch-cart/#pricePlans,
Available,Listnr,75.00,"Listnr's Generative AI Engine lets you create voiceovers with 1000+ different voices in over 142 languages, including a clone of your own voice.",Appsumo 1 Code,https://i.imgur.com/dFYXpEh.png,
Available,LiveWebinar,445.00,Most Advanced Webinar Platform Collaborate Anywhere. - AppSumo Pro 500,Appsumo 1 Code,https://www.livewebinar.com/pricing,
Sold,MainWP,350.00,Private WordPress Manager to Manage Multiple Sites,LTD Plan,https://mainwp.com/,
Available,Micro Themeover,320.00,A visual CSS editor for WordPress that allows designers to tweak the appearance of their site using a point-and-click interface.,Developer Lifetime,https://i.imgur.com/nj4aHEu.png,
Available,Moovly,155.00,Video - An online platform that enables users to create and edit videos using customizable templates,License Tier 2,https://i.imgur.com/4qNcuqy.png,
Available,NiftyPM,245.00,"Nifty is the remote collaboration hub to manage projects, tasks, and communications — 6 team members 200 GB storage space",2 Appsumo Codes,https://appsumo.com/products/nifty/,
Available,NiftyPM,245.00,"Nifty is the remote collaboration hub to manage projects, tasks, and communications — 6 team members 200 GB storage space",2 Appsumo Codes,https://appsumo.com/products/nifty/,
Available,Orderable,375.00,Take restaurant orders online with Orderable. The WordPress plugin designed to help you manage your restaurant website your way.,LTD 25 Sites,https://i.imgur.com/HxdwGqy.png,
Available,Oxygenbuilder,135.00,A powerful website builder for WordPress that offers visual editing with drag-and-drop functionality,Ultimate LTD,https://oxygenbuilder.com/pricing/,
Available,Plutio - acct1,295.00,"A business management tool that combines project management, and much, much more",Appsumo 2 Codes,https://www.plutio.com/pricing,
Available,Plutio - acct2,295.00,"A business management tool that combines project management, and much, much more",Appsumo 2 Codes,https://www.plutio.com/pricing,
Available,Plutio - acct3,295.00,"A business management tool that combines project management, and much, much more",Appsumo 2 Codes,https://www.plutio.com/pricing,
Available,Plutio - acct4,295.00,"A business management tool that combines project management, and much, much more",Appsumo 2 Codes,https://www.plutio.com/pricing,
Available,Plutio - acct5,295.00,"A business management tool that combines project management, and much, much more",Appsumo 2 Codes,https://www.plutio.com/pricing,
Available,Postly,275.00,A social media management tool that allows scheduling and posting across multiple platforms,Appsumo 1 Code,https://i.imgur.com/Z5nCnun.png,
Sold,Prestomade,225.00,The Ultimate WordPress Video Player Plugin.,LTD 25 Sites,https://i.imgur.com/Ug4I6lN.png,
Available,Remastermedia,$MakeOffer,A web-based application designed to improve the quality of audio and video files,,,
Available,Rytr - A.I Writer,$MakeOffer,"Rytr's AI generates original and compelling content that sounds like you, not a robot",,,
Available,Sessions,$MakeOffer,SESSIONS is an AI-powered platform that makes meetings & webinars insanely productive.,,,
Available,Signaturely Acct1,145.00,Super simple signatures Upload a document now — get it legally signed blazing fast,,,
Available,Signaturely Acct2,145.00,Super simple signatures Upload a document now — get it legally signed blazing fast,,,
Available,Signaturely Acct3,145.00,Super simple signatures Upload a document now — get it legally signed blazing fast,,,
Sold,Smart Slider3,245.00,A responsive slider plugin for WordPress that allows users to create beautiful sliders and blocks with layers and animations.,,https://i.imgur.com/FZRE6zS.png,
Available,Smarttask  - Acct1,225.00,A project management and collaboration tool that helps teams manage tasks - 7 Appsumo Codes (35 Users),,https://i.imgur.com/ts1XCbh.png,
Available,Smarttask  - Acct2,225.00,A project management and collaboration tool that helps teams manage tasks - 7 Appsumo Codes (35 Users),,https://i.imgur.com/ts1XCbh.png,
Available,Smarttask  - Acct3,225.00,A project management and collaboration tool that helps teams manage tasks - 7 Appsumo Codes (35 Users),,https://i.imgur.com/ts1XCbh.png,
Sold,Squirrly,195.00,SEO tools that help to optimize your content and improve search engine rankings with real-time advice and SEO automation.,Appsumo 3 Codes,,
Sold,Studiocart,335.00,A plugin for WordPress that provides a streamlined checkout process for selling digital products,,,
Available,SendFox,$MakeOffer,SendFox is the most affordable newsletter solution on the planet. ,Lifetime Tier 3,,
Available,SendFox,$MakeOffer,SendFox is the most affordable newsletter solution on the planet. ,Lifetime Tier 3,,
Sold,Suitedash - 1st acct,150.00,Client Portal Software + CRM + a lot of other features,2 Appsumo Codes,https://bit.ly/suite_dash,
Sold,Suitedash - 2nd acct,225.00,Client Portal Software + CRM + a lot of other features,3 Appsumo Codes,,
Sold,Suitedash - 3rd acct,75.00,Client Portal Software + CRM + a lot of other features,1 Appsumo Codes,,
Available,Sure Feedback,400.00,Helps you get feedback quickly and easily. ,,,
Available,SyncSpider,,,,,
Available,Tailwind UI,,,,,
Available,TidyCal - Acct1,$MakeOffer,The simplest way to book and schedule meetings,,,
Available,TidyCal - Acct2,$MakeOffer,The simplest way to book and schedule meetings,,,
Available,TidyCal - Acct3,$MakeOffer,The simplest way to book and schedule meetings,,,
Sold,Templately,195.00,A cloud-based storage and sharing service for WordPress design templates,,,
Sold,Uptime Stack,110.00,"Better Stack lets you see inside any stack, debug any issue, and resolve any incident.",Appsumo 2 Codes,,
Available,Waybook,$MakeOffer,A tool designed to document standard operating procedures,,,
Available,Webtotem,$MakeOffer,A security service platform that provides web application security,,,
Sold,WP Adminify,235.00,A utility plugin that enhances the WordPress admin area with tools to organize and manage the backend more efficiently.,Appsumo 2 Codes,https://i.imgur.com/EfJPpMz.png,
Available,WP Stackable,175.00,A Gutenberg blocks plugin for WordPress that provides additional blocks and options to enhance page building capabilities.,,,
Sold,WP-Statistics,63.00,A plugin for WordPress that provides comprehensive analytics and statistics without the need for external services.,,,
Sold,WP301redirects,45.00,A plugin designed to manage and implement 301 redirects in WordPress,,,
Sold,WPcompress,240.00,A WordPress plugin that optimizes images and scripts to reduce website load times and improve performance.,,,
Available,WPReset,$MakeOffer,A plugin that helps quickly reset the database of a WordPress site to the default installation state without modifying files.,,,Can't change email
Available,WordHero,,,,,
Available,Xemailverify,$MakeOffer,"An email verification tool designed to check and ensure email list hygiene, 1,000,000 Credit Plan ",Credits Balance : 987178,https://i.imgur.com/ldGJ1W3.png,
,,,,,,
,,,,,,
,,"14,112.00",Link to this page https://bit.ly/ltdsforsale,,,
,,,,,,
,,,,,,
,,,Payments can be send to https://www.paypal.com/paypalme/shrockbusiness,,,